{
	"info": {
		"_postman_id": "36b487ba-24cd-473f-9b52-297ad7bb0baa",
		"name": "SecretsExample",
		"schema": "https://schema.getpostman.com/json/collection/v2.1.0/collection.json"
	},
	"item": [
		{
			"name": "Store Secrets",
			"request": {
				"auth": {
					"type": "noauth"
				},
				"method": "POST",
				"header": [
					{
						"key": "Content-Type",
						"name": "Content-Type",
						"type": "text",
						"value": "application/json"
					}
				],
				"body": {
					"mode": "raw",
					"raw": "{\n  \"apiVersion\": \"v2\",\n  \"path\" : \"mqtt\",\n  \"secretData\" : [\n    {\n      \"key\" : \"username\",\n      \"value\" : \"app-user\"\n    },\n    {\n      \"key\" : \"password\",\n      \"value\" : \"SuperDuperSecretPassword\"\n    }\n  ]\n}",
					"options": {
						"raw": {
							"language": "json"
						}
					}
				},
				"url": {
					"raw": "http://localhost:59780/api/v3/secret",
					"protocol": "http",
					"host": [
						"localhost"
					],
					"port": "59780",
					"path": [
						"api",
						"v2",
						"secret"
					]
				},
				"description": "This sends a request to the App Functions SDK to store secrets to the App Service's secret store location. The path in the request body is appended to the base path from the SecretStoreExclusive configuration. An empty path is a valid path value."
			},
			"response": []
		},
		{
			"name": "Get Secrets with App Service HTTP",
			"request": {
				"auth": {
					"type": "noauth"
				},
				"method": "POST",
				"header": [
					{
						"key": "Content-Type",
						"name": "Content-Type",
						"type": "text",
						"value": "application/json"
					}
				],
				"body": {
					"mode": "raw",
					"raw": "{\n    \"requestId\": \"82eb2e26-0f24-48ba-ae4c-de9dac3fb9bc\",\n    \"apiVersion\": \"v2\",\n    \"event\": {\n        \"apiVersion\": \"v2\",\n        \"deviceName\": \"Random-Float-Device\",\n        \"profileName\": \"Random-Float-Device\",\n        \"sourceName\" : \"Float32\",\n        \"origin\": 1540855006456,\n        \"id\": \"94eb2e26-0f24-5555-2222-de9dac3fb228\",\n        \"readings\": [\n            {\n                \"apiVersion\": \"v2\",\n                \"resourceName\": \"Float32\",\n                \"profileName\": \"Random-Float-Device\",\n                \"deviceName\": \"Random-Float-Device\",\n                \"value\": \"76677\",\n                \"origin\": 1540855006469,\n                \"ValueType\": \"Float32\",\n                \"id\": \"82eb2e36-0f24-48aa-ae4c-de9dac3fb920\"\n            }\n        ]\n    }\n}",
					"options": {
						"raw": {
							"language": "json"
						}
					}
				},
				"url": {
					"raw": "http://localhost:59780/api/v3/trigger",
					"protocol": "http",
					"host": [
						"localhost"
					],
					"port": "59780",
					"path": [
						"api",
						"v2",
						"trigger"
					]
				},
				"description": "Sends an EdgeX event to Applications Function SDK via HTTP in order to trigger a configured pipeline.\nsecrets-example has configured a pipeline function to get it's secrets and print to the console. This is only an example of getting secrets. NEVER log your secrets to the console."
			},
			"response": []
		}
	]
}