{
	"info": {
		"_postman_id": "aba7c630-d534-4e09-ae9d-59c30a786862",
		"name": "Post Person to Trigger 3",
		"description": "Sends Person JSON to http trigger of Application Service",
		"schema": "https://schema.getpostman.com/json/collection/v2.1.0/collection.json",
		"_exporter_id": "6062813"
	},
	"item": [
		{
			"name": "Person Trigger",
			"request": {
				"method": "POST",
				"header": [
					{
						"key": "Content-Type",
						"name": "Content-Type",
						"value": "application/json",
						"type": "text"
					}
				],
				"body": {
					"mode": "raw",
					"raw": "{\n    \"first_name\": \"Sam\",\n    \"last_name\": \"Smith\",\n    \"event\": null,\n    \"phone\": {\n        \"country_code\": 1,\n        \"area_code\": 480,\n        \"local_prefix\": 970,\n        \"local_number\": 3476\n    }\n}"
				},
				"url": {
					"raw": "localhost:59780/api/v3/trigger",
					"host": [
						"localhost"
					],
					"port": "59780",
					"path": [
						"api",
						"v3",
						"trigger"
					]
				}
			},
			"response": []
		}
	]
}